image_path,true_label,predicted_label,description,raw_output
/Users/taran/PycharmProjects/NAVI-EXPERIMENTAL/data/AID/Pond/pond_286.jpg,Pond,Farmland,"The image shows a large, rectangular field covered in green vegetation, likely crops, surrounded by a dirt berm. This strongly suggests it is farmland.","Label: Farmland, Description: The image shows a large, rectangular field covered in green vegetation, likely crops, surrounded by a dirt berm. This strongly suggests it is farmland."
/Users/taran/PycharmProjects/NAVI-EXPERIMENTAL/data/AID/MediumResidential/mediumresidential_23.jpg,MediumResidential,SparseResidential,"The image shows a close-up of a gray concrete surface with reddish-brown patches resembling small, stylized flowers or shapes, suggesting a sidewalk or patio area within a residential neighborhood.","Label: SparseResidential, Description: The image shows a close-up of a gray concrete surface with reddish-brown patches resembling small, stylized flowers or shapes, suggesting a sidewalk or patio area within a residential neighborhood."
/Users/taran/PycharmProjects/NAVI-EXPERIMENTAL/data/AID/Center/center_251.jpg,Center,Industrial,"The image shows a large-scale solar panel array, likely part of an industrial facility. The arrangement of the panels in a grid-like pattern and the presence of surrounding buildings and infrastructure strongly indicate an industrial setting focused on renewable energy generation.","Label: Industrial, Description: The image shows a large-scale solar panel array, likely part of an industrial facility. The arrangement of the panels in a grid-like pattern and the presence of surrounding buildings and infrastructure strongly indicate an industrial setting focused on renewable energy generation."
/Users/taran/PycharmProjects/NAVI-EXPERIMENTAL/data/AID/MediumResidential/mediumresidential_258.jpg,MediumResidential,DenseResidential,"The image depicts a residential neighborhood consisting of various houses with swimming pools, surrounded by trees and green lawns. It appears to be a suburban area with a fairly consistent density of homes.","Label: DenseResidential, Description: The image depicts a residential neighborhood consisting of various houses with swimming pools, surrounded by trees and green lawns. It appears to be a suburban area with a fairly consistent density of homes."
/Users/taran/PycharmProjects/NAVI-EXPERIMENTAL/data/AID/MediumResidential/mediumresidential_58.jpg,MediumResidential,DenseResidential,"The image depicts a residential neighborhood with closely spaced houses, streets, and yards. It appears to be a suburban area with mature trees and landscaping.","Label: DenseResidential, Description: The image depicts a residential neighborhood with closely spaced houses, streets, and yards. It appears to be a suburban area with mature trees and landscaping."
/Users/taran/PycharmProjects/NAVI-EXPERIMENTAL/data/AID/Pond/pond_123.jpg,Pond,Pond,"The image shows a large body of dark, standing water – a pond – surrounded by vegetation, with roadways and buildings visible in the background.","Label: Pond, Description: The image shows a large body of dark, standing water – a pond – surrounded by vegetation, with roadways and buildings visible in the background."
/Users/taran/PycharmProjects/NAVI-EXPERIMENTAL/data/AID/BareLand/bareland_14.jpg,BareLand,Desert,"The image shows a barren, sandy landscape with a network of dirt tracks and undulations, consistent with a desert environment.","Label: Desert, Description: The image shows a barren, sandy landscape with a network of dirt tracks and undulations, consistent with a desert environment."
/Users/taran/PycharmProjects/NAVI-EXPERIMENTAL/data/AID/Park/park_304.jpg,Park,Park,"The image shows a large park area with a central circular structure, numerous trees, pathways, and green spaces. There are also some smaller structures and what appear to be storage tanks in the center.","Label: Park, Description: The image shows a large park area with a central circular structure, numerous trees, pathways, and green spaces. There are also some smaller structures and what appear to be storage tanks in the center."
/Users/taran/PycharmProjects/NAVI-EXPERIMENTAL/data/AID/Pond/pond_85.jpg,Pond,Pond,"The image shows a body of water – a pond – surrounded by trees and bordering a residential area. There are also smaller, shallower pools of water near the residential homes.","Label: Pond, Description: The image shows a body of water – a pond – surrounded by trees and bordering a residential area. There are also smaller, shallower pools of water near the residential homes."
/Users/taran/PycharmProjects/NAVI-EXPERIMENTAL/data/AID/BareLand/bareland_239.jpg,BareLand,SparseResidential,"The image appears to show a section of a residential street with houses or buildings visible in the background. The focus is on a paved surface, possibly a driveway or road, with some texture suggesting possible dirt or debris.","Label: SparseResidential, Description: The image appears to show a section of a residential street with houses or buildings visible in the background. The focus is on a paved surface, possibly a driveway or road, with some texture suggesting possible dirt or debris."
